<?xml version="1.0" encoding="UTF-8"?>

<hibernate-configuration>

	<session-factory>
	
		<property name="hibernate.connection.driver_class">com.mysql.cj.jdbc.Driver</property>
		<property name="hibernate.connection.url">jdbc:mysql:///assignment_spring</property>
		<property name="hibernate.connection.username">root</property>
		<property name="hibernate.connection.password">bhamp@143</property>

		<!-- OPTIONAL PROPERTIES FOR HIBERNATE -->

		<!-- Prepare the query based on the mapping information for the underlying 
			DATABASE -->
		<property name="hibernate.dialect">org.hibernate.dialect.MySQL8Dialect</property>

		<!--Inform HIBERNATE to display the query on the console it has generated 
			internally -->
		<property name="hibernate.show_sql">true</property>


		<!--Inform HIBERNATE to display the query on the console it has generated 
			internally in proper format -->
		<property name="hibernate.format_sql">true</property>

		<!-- Inform HIBERNATE to create/alter/drop the table -->
		<property name="hibernate.hbm2ddl.auto">update</property>


	</session-factory>

</hibernate-configuration>
